,sum,Price
2016-01-01,-0.40279392847920337,52048.0
2016-01-02,-0.3944302158420312,51802.0
2016-01-03,-0.37812269044249,51489.0
2016-01-04,-0.38842693249807386,51392.0
2016-01-05,-0.3689303738990272,52249.0
2016-01-06,-0.4025138870847352,51422.0
2016-01-07,-0.3661262724717979,54350.0
2016-01-08,-0.3884814855979357,53926.0
2016-01-09,-0.3905955741499338,52789.0
2016-01-10,-0.3668913431955185,52145.0
2016-01-11,-0.3742110500649054,52739.0
2016-01-12,-0.3801055329305446,50981.0
2016-01-13,-0.3823804537982268,50175.0
2016-01-14,-0.3831430482594864,50042.0
2016-01-15,-0.3368042959976605,47352.0
2016-01-16,-0.3942321941715271,45893.0
2016-01-17,-0.3496348468051591,45933.0
2016-01-18,-0.3592287890591353,45976.0
2016-01-19,-0.3985112728669925,44565.0
2016-01-20,-0.3690432973411239,49500.0
2016-01-21,-0.3854058565560351,50980.0
2016-01-22,-0.39044911781926506,45175.0
2016-01-23,-0.3496239611999923,44893.0
2016-01-24,-0.3892780686693337,47101.0
2016-01-25,-0.2257315051162383,44882.0
2016-01-26,-0.3678440003569297,46351.0
2016-01-27,-0.38742978244087306,46729.0
2016-01-28,-0.3370329461405829,44839.0
2016-01-29,-0.3840108111552584,45248.0
2016-01-30,-0.3872297236184837,46694.0
2016-01-31,-0.34287272070151353,44144.0
2016-02-01,-0.4083210775388033,45385.0
2016-02-02,-0.40433394648806104,43289.0
2016-02-03,-0.3832138171636904,42800.0
2016-02-04,-0.3757749917991745,46953.0
2016-02-05,-0.4081627353898892,44929.0
2016-02-06,-0.3902289588289775,43585.0
2016-02-07,-0.40000133535696536,43472.0
2016-02-08,-0.3829729676262396,42816.0
2016-02-09,-0.39730147580551584,43051.0
2016-02-10,-0.3752924390869731,43135.0
2016-02-11,-0.3957312320894123,42431.0
2016-02-12,-0.4088724182597563,42968.0
2016-02-13,-0.3741809119035471,43892.0
2016-02-14,-0.3838467967516168,45356.0
2016-02-15,-0.3907417357310802,45709.0
2016-02-16,-0.3796312015119539,46907.0
2016-02-17,-0.3870257378009409,47248.0
2016-02-18,-0.4024213700959871,47070.0
2016-02-19,-0.3907321009697869,47164.0
2016-02-20,-0.3243157213060329,49082.0
2016-02-21,-0.3474167413836196,48758.0
2016-02-22,-0.3982495343631287,49101.0
2016-02-23,-0.3663084454146754,46590.0
2016-02-24,-0.4260938617361589,47251.0
2016-02-25,-0.3898598184848213,47850.0
2016-02-26,-0.3773553521727955,48881.0
2016-02-27,-0.37381603854685697,48471.0
2016-02-28,-0.3912232906497405,49261.0
2016-02-29,-0.3755592511678858,49612.0
2016-03-01,-0.30551096653423826,48970.0
2016-03-02,-0.3608001993401567,47986.0
2016-03-03,-0.39494694468356345,46623.0
2016-03-04,-0.4087388268073359,46890.0
2016-03-05,-0.4013569665896381,45283.0
2016-03-06,-0.371448455289829,45941.0
2016-03-07,-0.398853863962836,46347.0
2016-03-08,-0.3814355587189062,46219.0
2016-03-09,-0.3617048107565457,47749.0
2016-03-10,-0.386025938346016,45648.0
2016-03-11,-0.4080315243486145,47411.0
2016-03-12,-0.36908981915058137,47062.0
2016-03-13,-0.3656617516067403,47497.0
2016-03-14,-0.4014070233298899,46868.0
2016-03-15,-0.3792080668222624,47939.0
2016-03-16,-0.3819948309956342,46553.0
2016-03-17,-0.3863335101594389,47034.0
2016-03-18,-0.39758896364155616,45542.0
2016-03-19,-0.36631836205346296,45275.0
2016-03-20,-0.3960792494323832,45849.0
2016-03-21,-0.3642443230705044,46975.0
2016-03-22,-0.3540450737560721,47744.0
2016-03-23,-0.3777745461214483,46995.0
2016-03-24,-0.3967632315920477,46482.0
2016-03-25,-0.3912355082268577,46886.0
2016-03-26,-0.39820927383970817,46669.0
2016-03-27,-0.4041344838484839,48148.0
2016-03-28,-0.3807336554631777,47617.0
2016-03-29,-0.35563367246303657,46735.0
2016-03-30,-0.3822486490932317,46847.0
2016-03-31,-0.3611096152176208,46484.0
2016-04-01,-0.3403745598976469,47748.0
2016-04-02,-0.3780022411860463,48070.0
2016-04-03,-0.34352171723691155,46919.0
2016-04-04,-0.3906912751547828,44808.0
2016-04-05,-0.3639405128783792,46419.0
2016-04-06,-0.4047723293653929,46856.0
2016-04-07,-0.3746136957217989,46882.0
2016-04-08,-0.3581521081114345,45534.0
2016-04-09,-0.3930735266868037,45113.0
2016-04-10,-0.3686500583440183,45522.0
2016-04-11,-0.3612244521448511,45563.0
2016-04-12,-0.36356435350009575,0.0
2016-04-13,-0.3835300541929468,44974.0
2016-04-14,-0.3459428983561953,45801.0
2016-04-15,-0.3624294063474325,46406.0
2016-04-16,-0.3819238042297348,46874.0
2016-04-17,-0.3703932629098812,46279.0
2016-04-18,-0.3697522392925734,46450.0
2016-04-19,-0.3765680037181808,46691.0
2016-04-20,-0.3693862460483032,47402.0
2016-04-21,-0.3760757557889864,50656.0
2016-04-22,-0.3359888199032963,49895.0
2016-04-23,-0.3722653730100927,49804.0
2016-04-24,-0.3675487703325248,51588.0
2016-04-25,-0.3726809333778844,49029.0
2016-04-26,-0.3732742049247639,51683.0
2016-04-27,-0.3799159856973237,49020.0
2016-04-28,-0.3709704766904807,48604.0
2016-04-29,-0.40506048831152575,48099.0
2016-04-30,-0.3793428019185341,48115.0
2016-05-01,-0.37322491370225336,47618.0
2016-05-02,-0.36790211438316256,47159.0
2016-05-03,-0.3478315837622485,47504.0
2016-05-04,-0.3726437545400793,47824.0
2016-05-05,-0.411920469983014,48137.0
2016-05-06,-0.3626550213164604,49192.0
2016-05-07,-0.38349096087642814,49845.0
2016-05-08,-0.3821489745083448,44494.0
2016-05-09,-0.3283771600332797,49347.0
2016-05-10,-0.293691540387761,49830.0
2016-05-11,-0.32635621030110235,49292.0
2016-05-12,-0.32109379960087714,47623.0
2016-05-13,-0.3394971434992604,49449.0
2016-05-14,-0.3180453909542719,48910.0
2016-05-15,-0.3597698222192557,47772.0
2016-05-16,-0.3418678997911224,49160.0
2016-05-17,-0.3416094555182133,49110.0
2016-05-18,-0.36914780977131056,49317.0
2016-05-19,-0.3935473711862707,47965.0
2016-05-20,-0.4065075985363757,47767.0
2016-05-21,-0.3608236312360032,49057.0
2016-05-22,-0.3649901007180398,48047.0
2016-05-23,-0.36048415637959097,48016.0
2016-05-24,-0.3619589206840486,49227.0
2016-05-25,-0.37392915879502064,46296.0
2016-05-26,-0.3841861030663384,45964.0
2016-05-27,-0.3728188296654321,51970.0
2016-05-28,-0.33724101016186525,53765.0
2016-05-29,-0.3654855675595773,58258.0
2016-05-30,-0.3726160426415312,58528.0
2016-05-31,-0.3640334151245321,58110.0
2016-06-01,-0.2688875040686259,58216.0
2016-06-02,-0.3810215746347521,56772.0
2016-06-03,-0.383086807578031,58548.0
2016-06-04,-0.3796320627406264,61303.0
2016-06-05,-0.3839574947975901,57676.0
2016-06-06,-0.3942122476312463,62134.0
2016-06-07,-0.3745910167175663,61130.0
2016-06-08,-0.3750084253338043,60678.0
2016-06-09,-0.3776233327508853,60553.0
2016-06-10,-0.3714362050387824,61991.0
2016-06-11,-0.3982230577851472,64984.0
2016-06-12,-0.37067117675553096,70052.0
2016-06-13,-0.3695002844735457,74594.0
2016-06-14,-0.3818875556082262,72693.0
2016-06-15,-0.3694990387407584,73274.0
2016-06-16,-0.3460248636964861,80723.0
2016-06-17,-0.3709051875550638,78685.0
2016-06-18,-0.36529429409361264,79019.0
2016-06-19,-0.3836695829514061,80095.0
2016-06-20,-0.3973769575143925,78986.0
2016-06-21,-0.3612730966910755,69220.0
2016-06-22,-0.38860101885165416,62411.0
2016-06-23,-0.4007262584532539,65776.0
2016-06-24,-0.37183268144504095,68559.0
2016-06-25,-0.37243481774982795,68272.0
2016-06-26,-0.3710003856208888,68272.0
2016-06-27,-0.377451633332822,66360.0
2016-06-28,-0.36488953744284297,66643.0
2016-06-29,-0.3587605574822117,65214.0
2016-06-30,-0.37143926101139946,67141.0
2016-07-01,-0.3905835583151801,69174.0
2016-07-02,-0.3703879713701777,71378.0
2016-07-03,-0.3842841307193517,68321.0
2016-07-04,-0.3561420790278453,69840.0
2016-07-05,-0.38409552254859,67339.0
2016-07-06,-0.3714361813053372,67788.0
2016-07-07,-0.3944150998141625,63645.0
2016-07-08,-0.3776679892487528,68062.0
2016-07-09,-0.35580674469071993,65127.0
2016-07-10,-0.3800544139127777,64375.0
2016-07-11,-0.3720147356640375,66176.0
2016-07-12,-0.3779404884008282,69049.0
2016-07-13,-0.3817450520894632,67183.0
2016-07-14,-0.3854196925653299,68954.0
2016-07-15,-0.3823363525434753,69309.0
2016-07-16,-0.3852587245916413,68778.0
2016-07-17,-0.379039498084632,70322.0
2016-07-18,-0.3790711055115884,71746.0
2016-07-19,-0.3636484929189235,70771.0
2016-07-20,-0.3733039433468589,69688.0
2016-07-21,-0.3721653713440276,70099.0
2016-07-22,-0.3786768060658043,69007.0
2016-07-23,-0.37925261169336016,68996.0
2016-07-24,-0.3727375523160359,70478.0
2016-07-25,-0.3807580776911975,68016.0
2016-07-26,-0.3708402893045602,65486.0
2016-07-27,-0.3704045785365437,68681.0
2016-07-28,-0.3706640406594917,68119.5
2016-07-29,-0.3777145973921399,67558.0
2016-07-30,-0.3761527077252867,66686.0
2016-07-31,-0.3609123111933535,63947.0
2016-08-01,-0.3756027256736482,61963.0
2016-08-02,-0.38609320275583786,55731.0
2016-08-03,-0.3882441535981024,55527.0
2016-08-04,-0.3910753774175744,58002.0
2016-08-05,-0.367296796302824,55979.0
2016-08-06,-0.3650670974739741,56609.0
2016-08-07,-0.3849784477584081,59229.0
2016-08-08,-0.371126452515841,59452.0
2016-08-09,-0.3737702921641589,59400.454545454544
2016-08-10,-0.34808425789267744,59348.90909090909
2016-08-11,-0.3732983993989529,59297.36363636364
2016-08-12,-0.3798149298598934,59245.818181818184
2016-08-13,-0.3646597272102735,59194.27272727273
2016-08-14,-0.3570404533480245,59142.72727272727
2016-08-15,-0.3847934793201572,59091.181818181816
2016-08-16,-0.3430394756250658,59039.63636363636
2016-08-17,-0.3652594603825813,58988.09090909091
2016-08-18,-0.3447574927216108,58936.545454545456
2016-08-19,-0.3663522625773664,58885.0
2016-08-20,-0.357397500442017,58833.454545454544
2016-08-21,-0.3753353682010678,58781.90909090909
2016-08-22,-0.35353952590807125,58730.36363636364
2016-08-23,-0.3607611726628099,58678.818181818184
2016-08-24,-0.3670923220987897,58627.27272727273
2016-08-25,-0.3734230405623786,58575.72727272727
2016-08-26,-0.36047147308620986,58524.181818181816
2016-08-27,-0.36350260654561467,58472.63636363636
2016-08-28,-0.3861331282946148,58421.09090909091
2016-08-29,-0.35313739534532845,58369.545454545456
2016-08-30,-0.36313059753337934,58318.0
2016-08-31,-0.35322668275917457,57494.0
2016-09-01,-0.2444773047583435,57695.0
2016-09-02,-0.3733085401377189,59584.0
2016-09-03,-0.3764090616037567,61472.0
2016-09-04,-0.3643680591915256,61354.0
2016-09-05,-0.3851394144743345,61213.0
2016-09-06,-0.3515316945808738,59406.0
2016-09-07,-0.3565451837640988,62213.0
2016-09-08,-0.3886654454756486,63862.0
2016-09-09,-0.3815980631683065,62794.0
2016-09-10,-0.3519250460604319,62087.0
2016-09-11,-0.35593457754489033,60276.0
2016-09-12,-0.3726734346584134,62091.0
2016-09-13,-0.36353945032019386,61074.0
2016-09-14,-0.3644446463811427,62867.0
2016-09-15,-0.3629161991321583,61575.0
2016-09-16,-0.3390128365317269,61373.0
2016-09-17,-0.35113235427949874,62119.0
2016-09-18,-0.3613892329853439,60500.0
2016-09-19,-0.37045275685357504,61480.0
2016-09-20,-0.3778163241566143,59834.0
2016-09-21,-0.3787575082348131,58518.0
2016-09-22,-0.385353450537284,58661.0
2016-09-23,-0.38490689305635867,59037.0
2016-09-24,-0.3914787417002379,60055.0
2016-09-25,-0.3927875504395438,59146.0
2016-09-26,-0.38932817571091305,60032.0
2016-09-27,-0.3816868223998201,60363.0
2016-09-28,-0.3722178498123249,60487.0
2016-09-29,-0.3903972747490366,61253.0
2016-09-30,-0.3777879204566416,59446.0
2016-10-01,-0.3777004636786096,61793.0
2016-10-02,-0.3636692231394224,59504.0
2016-10-03,-0.3932248704716426,61022.0
2016-10-04,-0.3757202613830089,57448.0
2016-10-05,-0.38812538627849225,61091.0
2016-10-06,-0.3809702613859716,57732.0
2016-10-07,-0.36847361483518104,62467.0
2016-10-08,-0.38779266888543373,60715.0
2016-10-09,-0.38044547270398266,59880.0
2016-10-10,-0.37721535378449456,60373.0
2016-10-11,-0.3755559969598799,62881.0
2016-10-12,-0.3788779490305655,64827.0
2016-10-13,-0.3686304385691797,64110.0
2016-10-14,-0.3829932412814828,65591.0
2016-10-15,-0.3852798696634216,65711.0
2016-10-16,-0.3937733968871353,66281.0
2016-10-17,-0.3640085397446196,65641.0
2016-10-18,-0.3595694725513286,65962.0
2016-10-19,-0.3614697155295959,64817.0
2016-10-20,-0.3841166415980841,63890.0
2016-10-21,-0.3904857932638669,65351.0
2016-10-22,-0.3641320473430311,66033.0
2016-10-23,-0.3760923159743756,67504.0
2016-10-24,-0.383415660602649,66643.0
2016-10-25,-0.3754575424609471,67668.0
2016-10-26,-0.38821149933375215,69829.0
2016-10-27,-0.35955123475550266,71439.0
2016-10-28,-0.3925155347097307,70904.0
2016-10-29,-0.3902574950764219,74966.0
2016-10-30,-0.3789837781719801,75624.0
2016-10-31,-0.3804304128344768,72099.0
2016-11-01,-0.36210109884399705,70473.0
2016-11-02,-0.37758148360210464,76089.0
2016-11-03,-0.3749457636919405,76000.0
2016-11-04,-0.3874547755220312,72427.0
2016-11-05,-0.3848382718904175,72379.0
2016-11-06,-0.38302481605167377,73235.0
2016-11-07,-0.379864274293665,72665.0
2016-11-08,-0.3739457591688527,74778.0
2016-11-09,-0.3708458214778031,74983.0
2016-11-10,-0.3813588293876134,75416.0
2016-11-11,-0.3680016101143863,75844.0
2016-11-12,-0.3826009682650927,76024.0
2016-11-13,-0.3779936367325275,75261.0
2016-11-14,-0.3600447822496861,75497.0
2016-11-15,-0.3779900622677495,77887.0
2016-11-16,-0.3730236030692027,78894.0
2016-11-17,-0.3742175862404771,80039.0
2016-11-18,-0.35571456322544176,82791.0
2016-11-19,-0.3673942125311769,82878.0
2016-11-20,-0.3647633910990799,79437.0
2016-11-21,-0.3824665595190524,81192.0
2016-11-22,-0.38246673905191547,82584.0
2016-11-23,-0.3733212466319038,81664.0
2016-11-24,-0.3730805863104207,82960.0
2016-11-25,-0.3607346277261698,82873.0
2016-11-26,-0.3651038004368269,82425.0
2016-11-27,-0.35523757621192464,82249.0
2016-11-28,-0.3736504646777204,81477.0
2016-11-29,-0.3562931477516012,81475.0
2016-11-30,-0.37577755678791097,80161.0
2016-12-01,-0.3731907498667016,85711.0
2016-12-02,-0.35826467945249024,87216.0
2016-12-03,-0.3817345060615475,86317.0
2016-12-04,-0.3682995674233426,87128.0
2016-12-05,-0.3849254054286398,84778.0
2016-12-06,-0.39456422011455894,87262.0
2016-12-07,-0.3702486090709081,87083.0
2016-12-08,-0.3760247163146765,86590.0
2016-12-09,-0.3670380929552756,89008.0
2016-12-10,-0.376872349866204,88421.0
2016-12-11,-0.3870283810894946,89011.0
2016-12-12,-0.3671381332067351,89207.0
2016-12-13,-0.38085028678238186,89402.0
2016-12-14,-0.3803126421168001,90959.0
2016-12-15,-0.3662952311518836,92228.0
2016-12-16,-0.36121474168584333,92445.0
2016-12-17,-0.3773909671271384,93393.0
2016-12-18,-0.3637992430894804,92139.0
2016-12-19,-0.3690932821011625,92544.0
2016-12-20,-0.3847467857884189,93483.0
2016-12-21,-0.3918477712788552,96314.0
2016-12-22,-0.3605177262415754,98431.0
2016-12-23,-0.3815696400207976,104410.0
2016-12-24,-0.3799164570802882,103488.0
2016-12-25,-0.3704244377581913,103346.0
2016-12-26,-0.3866351114216505,105593.0
2016-12-27,-0.37305079542412456,107088.0
2016-12-28,-0.3567831272486083,111750.0
2016-12-29,-0.3761083762085408,113740.0
2016-12-30,-0.3778966883187313,112143.0
2016-12-31,-0.3405907822518397,111316.0
2017-01-01,-0.3761437701839632,114101.0
2017-01-02,-0.37488745421674413,116707.0
2017-01-03,-0.3684994293683701,115396.0
2017-01-04,-0.3641410477908053,130010.0
2017-01-05,-0.3760717459170554,112744.0
2017-01-06,-0.3833924756504729,108571.0
2017-01-07,-0.3693944793077218,105381.0
2017-01-08,-0.3889919438634377,110455.0
2017-01-09,-0.3734951616885896,106400.0
2017-01-10,-0.3759056691462491,105266.0
2017-01-11,-0.3975523371288645,88836.0
2017-01-12,-0.3841126733549312,93497.0
2017-01-13,-0.3740351516711317,93878.0
2017-01-14,-0.3628342358024686,91614.0
2017-01-15,-0.34515876073574125,92499.0
2017-01-16,-0.3498937338789394,94857.0
2017-01-17,-0.3615710949854905,102392.0
2017-01-18,-0.3667389492051121,99016.0
2017-01-19,-0.35431270456693403,103643.0
2017-01-20,-0.34816932203123696,103508.0
2017-01-21,-0.3505034967331578,105004.0
2017-01-22,-0.33629012071291864,104470.0
2017-01-23,-0.3483714407298045,103728.0
2017-01-24,-0.3603146921877084,101589.0
2017-01-25,-0.33768374871313883,100057.0
2017-01-26,-0.33850148961296844,103490.0
2017-01-27,-0.0030989098161995727,104000.0
2017-01-28,-0.2598146423909833,105252.0
2017-01-29,-0.3501184615878177,104916.0
2017-01-30,-0.35640635133644893,104284.0
2017-01-31,-0.3510039780370512,108192.0
2017-02-01,-0.3577858271322081,111019.0
2017-02-02,-0.34050988744072097,112163.0
2017-02-03,-0.348417722134253,114659.0
2017-02-04,-0.3496322749108653,114385.0
2017-02-05,-0.3448863617754279,113506.0
2017-02-06,-0.3294654384735362,114746.0
2017-02-07,-0.33373347554320365,118068.0
2017-02-08,-0.3362226977899706,116776.0
2017-02-09,-0.3612439866657181,113402.0
2017-02-10,-0.3699598495539537,113220.0
2017-02-11,-0.35780549645641285,113186.0
2017-02-12,-0.339156782669416,114136.0
2017-02-13,-0.3509012559354031,113723.0
2017-02-14,-0.34770132764417283,113435.0
2017-02-15,-0.34671054820369546,115011.0
2017-02-16,-0.3529537458649443,117793.0
2017-02-17,-0.35458352158476764,119621.0
2017-02-18,-0.3587994659017973,119237.0
2017-02-19,-0.3528926042349028,119953.0
2017-02-20,-0.3692322621317128,122236.0
2017-02-21,-0.36683139660896,126710.0
2017-02-22,-0.3429664455546098,126921.0
2017-02-23,-0.34817575458244776,129842.0
2017-02-24,-0.35054077012180107,132465.0
2017-02-25,-0.34886705498907994,119021.0
2017-02-26,-0.3500336038193023,131550.0
2017-02-27,-0.341196711699825,133308.0
2017-02-28,-0.3542175683669174,134747.0
2017-03-01,-0.2637652707057763,137788.0
2017-03-02,-0.3236830545511155,142931.0
2017-03-03,-0.34712344766026604,146572.0
2017-03-04,-0.3462828902152907,144144.0
2017-03-05,-0.3399610175705581,142160.0
2017-03-06,-0.35839211876926313,148097.0
2017-03-07,-0.3593995413355013,140775.0
2017-03-08,-0.360347401666981,130884.0
2017-03-09,-0.3403027132438977,144758.0
2017-03-10,-0.3414405175792617,126281.0
2017-03-11,-0.35898830456572883,134522.0
2017-03-12,-0.33830299561880706,139310.0
2017-03-13,-0.35693585995851,141174.0
2017-03-14,-0.3631984270341613,143935.0
2017-03-15,-0.3401741912384061,142555.0
2017-03-16,-0.3584541191186493,132078.0
2017-03-17,-0.361391530417476,127732.0
2017-03-18,-0.3564760206719633,118881.0
2017-03-19,-0.3619212440271241,123983.0
2017-03-20,-0.361413709450716,117932.0
2017-03-21,-0.3656231630514631,124226.0
2017-03-22,-0.3741675291715224,122865.0
2017-03-23,-0.3624419154613157,114611.0
2017-03-24,-0.3678108248032294,114536.0
2017-03-25,-0.3689013252158172,106178.0
2017-03-26,-0.3777502579034249,107145.0
2017-03-27,-0.357146526859831,118017.0
2017-03-28,-0.3671795850202879,114658.0
2017-03-29,-0.3594085601067635,115506.0
2017-03-30,-0.3600623091288763,115078.0
2017-03-31,-0.3626722698704026,120420.0
2017-04-01,-0.3617419468503023,120185.0
2017-04-02,-0.3530182481561644,121269.0
2017-04-03,-0.3621013980336967,127783.0
2017-04-04,-0.3546952481466321,125909.0
2017-04-05,-0.3731301419686709,122931.0
2017-04-06,-0.3735244742289697,130836.0
2017-04-07,-0.3656856988237483,131974.0
2017-04-08,-0.3618633296308623,128973.0
2017-04-09,-0.369637426312553,131130.0
2017-04-10,-0.3797462699810587,132315.0
2017-04-11,-0.3741266986735664,132584.0
2017-04-12,-0.36393083887260624,132432.0
2017-04-13,-0.3798440936194717,126876.0
2017-04-14,-0.3729158111544521,131878.0
2017-04-15,-0.3590691986254804,128529.0
2017-04-16,-0.3927226675595769,128155.0
2017-04-17,-0.3710834954854316,132146.0
2017-04-18,-0.3759033891088012,130098.0
2017-04-19,-0.3735180997498112,129682.0
2017-04-20,-0.36929200281442304,135649.0
2017-04-21,-0.3739413255251205,135277.0
2017-04-22,-0.3768464669099626,135813.0
2017-04-23,-0.0018175285314043109,137550.0
2017-04-24,-0.3639600961185445,137283.0
2017-04-25,-0.002855506866842229,140115.0
2017-04-26,-0.004309802613042585,142180.0
2017-04-27,-0.0016634705892909429,148531.0
2017-04-28,-0.0005011199209019492,147757.0
2017-04-29,-0.0011442837691525221,146668.0
2017-04-30,-0.002258398368934039,147368.0
2017-05-01,-0.002884623827887539,156053.0
2017-05-02,-0.004427154773000532,160380.0
2017-05-03,-0.0016249992297786696,168757.0
2017-05-04,-0.002580127420333877,180000.0
2017-05-05,-0.0017228961600739422,172305.0
2017-05-06,-9.406183182364107e-05,175887.0
2017-05-07,-0.004164236439034158,176601.0
2017-05-08,-0.0015550092240871965,174375.0
2017-05-09,-0.0031604768307695557,195542.0
2017-05-10,-0.003555824262328499,203548.0
2017-05-11,-0.0011828396781888135,210125.0
2017-05-12,-0.0011174470215027325,197841.0
2017-05-13,-0.002726350809912189,201502.0
2017-05-14,-0.001914215256051098,202196.0
2017-05-15,-0.004302365908390981,200102.0
2017-05-16,-0.004864814704117452,203828.0
2017-05-17,-0.0015056942995570915,220621.0
2017-05-18,-0.002870830658507309,221809.0
2017-05-19,-0.0035621251510193127,224118.0
2017-05-20,-0.004649209026370719,231959.0
2017-05-21,-0.0018574357644091624,226666.0
2017-05-22,-0.0026636832320994413,249444.0
2017-05-23,-0.0022812799491662163,254475.0
2017-05-24,-0.0035031397292281273,286397.0
2017-05-25,-0.00385761846189374,269662.0
2017-05-26,-0.003714523110554103,260017.0
2017-05-27,-0.004172954117654559,252700.0
2017-05-28,-0.002730534462241785,249256.0
2017-05-29,-0.001543652896932459,264010.0
2017-05-30,-0.003470221349242955,267155.0
2017-05-31,-0.002618150476160144,262456.0
2017-06-01,-0.28038996717869624,271102.0
2017-06-02,-0.3706069702748178,278197.0
2017-06-03,-0.3746548176109855,282821.0
2017-06-04,-0.3806622952748248,296356.0
2017-06-05,-0.3715414690130416,304546.0
2017-06-06,-0.3692166747430712,320283.0
2017-06-07,-0.38067239960579297,320347.0
2017-06-08,-0.36765652595973664,317275.0
2017-06-09,-0.3820105610963692,321900.0
2017-06-10,-0.3825957550111472,324000.0
2017-06-11,-0.3648157241384909,332419.0
2017-06-12,-0.3822198733724839,309888.0
2017-06-13,-0.3876622558663235,320694.0
2017-06-14,-0.3848552797047064,308614.0
2017-06-15,-0.3866301054057535,284375.0
2017-06-16,-0.3722480277958065,279492.0
2017-06-17,-0.3645742249401269,291365.0
2017-06-18,-0.3781702331923016,274511.0
2017-06-19,-0.3650185311376482,299208.0
2017-06-20,-0.3718825546093909,303346.0
2017-06-21,-0.3572556869084821,295047.0
2017-06-22,-0.3810781210560884,306815.0
2017-06-23,-0.3646485596894879,311033.0
2017-06-24,-0.3744737158269581,292514.0
2017-06-25,-0.3825061019437154,286639.0
2017-06-26,-0.3774055826227684,281862.0
2017-06-27,-0.3792709340291388,286869.0
2017-06-28,-0.3732732442205777,291532.0
2017-06-29,-0.3614568990618261,286974.0
2017-06-30,-0.3728611045304751,280741.0
2017-07-01,-0.3700622903347869,284340.0
2017-07-02,-0.384153590680433,284630.0
2017-07-03,-0.36899392072859494,296100.0
2017-07-04,-0.3627196122797994,295330.0
2017-07-05,-0.3668831941798245,294032.0
2017-07-06,-0.3819043842643039,296418.0
2017-07-07,-0.37424671741206017,293044.0
2017-07-08,-0.376406407801821,295715.0
2017-07-09,-0.3876149100796872,291868.0
2017-07-10,-0.3740145989640005,273789.0
2017-07-11,-0.3835198774281978,269523.0
2017-07-12,-0.3816307801955757,281466.0
2017-07-13,-0.38098007118071503,281324.0
2017-07-14,-0.3710264378377273,255488.0
2017-07-15,-0.38351217839990703,230953.0
2017-07-16,-0.3767097845128805,209170.0
2017-07-17,-0.38854072241298654,245463.0
2017-07-18,-0.386493930488892,263120.0
2017-07-19,-0.3984612323123671,256132.0
2017-07-20,-0.3857998516025317,301981.0
2017-07-21,-0.3731262741813216,289944.0
2017-07-22,-0.0006090436521611531,293762.0
2017-07-23,-0.3927021297415803,296284.0
2017-07-24,-0.3822041487614339,303279.0
2017-07-25,-0.0010562160443953448,284481.0
2017-07-26,-0.3737992607534185,274417.0
2017-07-27,-0.3777671916782745,293883.0
2017-07-28,-0.3810881252920649,306935.0
2017-07-29,-0.3585193834254144,294359.0
2017-07-30,-0.3779772409309208,298744.0
2017-07-31,-0.37914549532799335,315083.0
2017-08-01,-0.31448656841356104,314656.0
2017-08-02,-0.3804345599976008,306007.0
2017-08-03,-0.3715961293303893,304985.0
2017-08-04,-0.3639118072744237,310886.0
2017-08-05,-0.3542875777498766,329884.0
2017-08-06,-0.3565817068478716,330195.0
2017-08-07,-0.3645766089268873,406790.0
2017-08-08,-0.3614678949553988,379813.0
2017-08-09,-0.3765304325486866,378630.0
2017-08-10,-0.3644171941148502,373256.0
2017-08-11,-0.3596589581914344,407736.0
2017-08-12,-0.35984829714632793,409442.0
2017-08-13,-0.3641618233400799,424424.0
2017-08-14,-0.3770720245362891,464508.0
2017-08-15,-0.3764474094874638,457008.0
2017-08-16,-0.3698361251059747,474494.0
2017-08-17,-0.38493306223956736,470166.0
2017-08-18,-0.3756101209924766,472613.0
2017-08-19,-0.3733497791421855,447091.0
2017-08-20,-0.3784039762972122,456978.0
2017-08-21,-0.3674737744502968,440101.0
2017-08-22,-0.3700267391265088,446019.0
2017-08-23,-0.35906125158079377,453553.0
2017-08-24,-0.3628608136318789,468366.0
2017-08-25,-0.37186435965966136,478010.0
2017-08-26,-0.3698570142019205,514764.0
2017-08-27,-0.3574437049329775,469661.0
2017-08-28,-0.3716963628919645,477876.0
2017-08-29,-0.37473343372929857,503658.0
2017-08-30,-0.3556124100642689,505626.0
2017-08-31,-0.3597794979531287,522489.0
2017-09-01,-0.35424250470244706,542277.0
2017-09-02,-0.3698391812459411,499205.0
2017-09-03,-0.3855300074017069,509136.0
2017-09-04,-0.3832031449653278,462501.0
2017-09-05,-0.3853201300457097,485331.0
2017-09-06,-0.38687690434689104,500224.0
2017-09-07,-0.3830694289656094,505435.0
2017-09-08,-0.36925528386678697,448511.0
2017-09-09,-0.23789232879011635,443040.0
2017-09-10,-0.3762066788669466,425296.0
2017-09-11,-0.3778128673770617,455000.0
2017-09-12,-0.3793023668294952,448767.0
2017-09-13,-0.3820678373401049,439264.0
2017-09-14,-0.38314740141584175,342929.0
2017-09-15,-0.3907881355488591,411332.0
2017-09-16,-0.37970314689476825,421285.0
2017-09-17,-0.3956646160790605,403502.0
2017-09-18,-0.3814323606845383,455084.0
2017-09-19,-0.3752175718715925,436101.0
2017-09-20,-0.3683275143636185,438642.0
2017-09-21,-0.3660768544778965,415909.0
2017-09-22,-0.34516365238257285,394294.0
2017-09-23,-0.3523217983594994,416338.0
2017-09-24,-0.3627074100321569,414530.0
2017-09-25,-0.3775895188229961,433470.0
2017-09-26,-0.37699243967028734,434942.0
2017-09-27,-0.36758117315652006,476947.0
2017-09-28,-0.375926067983828,470544.0
2017-09-29,-0.3727211611216228,470316.0
2017-09-30,-0.3825497027232076,489003.0
2017-10-01,-0.25668170952750424,488197.0
2017-10-02,-0.3659405432008905,489139.0
2017-10-03,-0.36886052850433504,487987.0
2017-10-04,-0.3652581439752568,480618.0
2017-10-05,-0.3792804080922357,490673.0
2017-10-06,-0.37354698863493707,487560.0
2017-10-07,-0.371520119877976,494927.0
2017-10-08,-0.3692516052349254,502668.0
2017-10-09,-0.380581850854502,521692.0
2017-10-10,-0.37207410030157295,529605.0
2017-10-11,-0.3620879776563107,535745.0
2017-10-12,-0.35199452861555325,603830.0
2017-10-13,-0.3628673310746355,626833.0
2017-10-14,-0.3592465719883667,641376.0
2017-10-15,-0.38093561207770493,640736.0
2017-10-16,-0.37771457404528974,646682.0
2017-10-17,-0.37136956244382574,634682.0
2017-10-18,-0.36693262668072296,638945.0
2017-10-19,-0.35872824531332137,639563.0
2017-10-20,-0.359714776820844,680935.0
2017-10-21,-0.3640710475531966,683720.0
2017-10-22,-0.3829648030335155,674718.0
2017-10-23,-0.3798774532568683,688504.0
2017-10-24,-0.3691637798760402,647263.0
2017-10-25,-0.3706839425483038,661909.0
2017-10-26,-0.3711350088752186,656882.0
2017-10-27,-0.37500838667819614,662773.0
2017-10-28,-0.38213673125666,663574.0
2017-10-29,-0.3902899332472193,704915.0
2017-10-30,-0.3800820199095562,689863.0
2017-10-31,-0.3706519190669581,729017.0
2017-11-01,-0.3743247161899717,775693.0
2017-11-02,-0.3736909592141921,805927.0
2017-11-03,-0.3812161872948471,828976.0
2017-11-04,-0.3844015827724,861002.0
2017-11-05,-0.3730276280378903,844983.0
2017-11-06,-0.39260989493582615,797783.0
2017-11-07,-0.3783983902815084,827687.0
2017-11-08,-0.3704582213672769,866073.0
2017-11-09,-0.38003922674002605,806632.0
2017-11-10,-0.38885058460941613,765882.0
2017-11-11,-0.3898168883338162,785832.0
2017-11-12,-0.38942880525493456,714078.0
2017-11-13,-0.3732004657264567,791935.0
2017-11-14,-0.3892736661442104,801679.0
2017-11-15,-0.3858558988397382,845315.0
2017-11-16,-0.3821190367886992,882779.0
2017-11-17,-0.3740995492621332,868099.0
2017-11-18,-0.3898295937934703,875394.0
2017-11-19,-0.37086481979460895,882652.0
2017-11-20,-0.3736700284683826,923098.0
2017-11-21,-0.3846205036001729,921410.0
2017-11-22,-0.3905498103438061,945425.0
2017-11-23,-0.38725223909741296,925468.0
2017-11-24,-0.3908236012431124,948234.0
2017-11-25,-0.37814101163235797,988444.0
2017-11-26,-0.35903567247823354,1048567.0
2017-11-27,-0.3685163159828427,1093657.0
2017-11-28,-0.3745118802045741,1138710.0
2017-11-29,-0.37639932499295503,1117038.0
2017-11-30,-0.396133111939115,1153536.0
2017-12-01,-0.3763179327133215,1234384.0
2017-12-02,-0.3825886602734887,1233381.0
2017-12-03,-0.3816284371467336,1264456.0
2017-12-04,-0.3798214973743919,1299437.0
2017-12-05,-0.37966976792541995,1225148.0
2017-12-06,-0.0009818528683127078,1471159.0
2017-12-07,-0.3321351782871257,1580145.0
2017-12-08,-0.3771132785750883,1820944.0
2017-12-09,-0.3823068756377773,1673591.0
2017-12-10,-0.3884249549370769,1818393.0
2017-12-11,-0.379541282728308,1905039.0
2017-12-12,-0.3818324480671728,1933007.0
2017-12-13,-0.3767439416913981,1941908.0
2017-12-14,-0.3651835509239587,1895237.0
2017-12-15,-0.375610601805757,1989046.0
2017-12-16,-0.3771747132429868,2209283.0
2017-12-17,-0.3810168993447339,2214558.0
2017-12-18,-0.3775576025198819,2126783.0
2017-12-19,-0.3819677117385824,2022145.0
2017-12-20,-0.37620988414523215,1875889.0
2017-12-21,-0.3813025573272653,1830241.0
2017-12-22,-0.38978677802067785,1593787.0
2017-12-23,-0.3891311186816325,1778569.0
2017-12-24,-0.38070638177311855,1667016.0
2017-12-25,-0.3865989566566301,1550994.0
2017-12-26,-0.3824322975877031,1848630.0
2017-12-27,-0.3822077447469176,1841033.0
2017-12-28,-0.38311303388204415,1668876.0
2017-12-29,-0.3708423973489117,1721602.0
2017-12-30,-0.37288524511379373,1479672.0
2017-12-31,-0.3745061716552771,1656187.0
2018-01-01,-0.3758638784971813,1587760.0
2018-01-02,-0.3778796795409881,1665757.0
2018-01-03,-0.3692979259547278,1750245.0
2018-01-04,-0.2505869442074396,1788935.0
2018-01-05,-0.370614584621464,1819531.0
2018-01-06,-0.3651184685462358,2047219.0
2018-01-07,-0.3751386008112943,1931984.0
2018-01-08,-0.3771002325809265,1883626.0
2018-01-09,-0.3786492127040406,1845553.0
2018-01-10,-0.3828549644932239,1834312.0
2018-01-11,-0.38739770657213,1707610.0
2018-01-12,-0.3818164750782863,1763028.0
2018-01-13,-0.3842712871433342,1750678.0
2018-01-14,-0.3874043870013763,1690763.0
2018-01-15,-0.3882960681914243,1738655.0
2018-01-16,-0.3929866777933334,1355490.0
2018-01-17,-0.3977162543404279,1324203.0
2018-01-18,-0.3953837937991143,1369012.0
2018-01-19,-0.39398504339111184,1363564.0
2018-01-20,-0.3914532482554188,1492052.0
2018-01-21,-0.3957461878613421,1279903.0
2018-01-22,-0.3985423417342086,1209404.0
2018-01-23,-0.3948582420439739,1225957.0
2018-01-24,-0.38346410402859005,1266867.0
2018-01-25,-0.3882014355351333,1262344.0
2018-01-26,-0.3896100023574684,1220742.0
2018-01-27,-0.003651873682945954,1249673.0
2018-01-28,-0.26210030863643,1247777.0
2018-01-29,-0.3827199399108613,1226618.0
2018-01-30,-0.3847603243075457,1163152.0
2018-01-31,-0.3894981450876896,1087452.0
2018-02-01,-0.3905339719669379,1092476.0
2018-02-02,-0.3872312310440417,955897.0
2018-02-03,-0.3865343287475808,996664.0
2018-02-04,-0.38696828278422857,875690.0
2018-02-05,-0.38795053107185706,652592.0
2018-02-06,-0.3904509679604676,860194.0
2018-02-07,-0.385684152305236,826333.0
2018-02-08,-0.3815085340322691,923396.0
2018-02-09,-0.3860258285786996,870381.0
2018-02-10,-0.3786196196824284,929739.0
2018-02-11,-0.39112766678819255,903176.0
2018-02-12,-0.3755180171555601,976118.0
2018-02-13,-0.3879876702292781,934361.0
2018-02-14,-0.38239129168624,1036602.0
2018-02-15,-0.3698601152056009,1082140.0
2018-02-16,-0.3780302148125647,1091858.0
2018-02-17,-0.3788040206160365,1189376.0
2018-02-18,-0.3858473808092946,1178894.0
2018-02-19,-0.3798012256031158,1297152.0
2018-02-20,-0.3758470206350796,1193806.0
2018-02-21,-0.3805891037394244,1137642.0
2018-02-22,-0.3846594824675224,1054569.0
2018-02-23,-0.3857099866688084,1109313.0
2018-02-24,-0.3817128169979136,1053437.0
2018-02-25,-0.381434823379564,1050410.0
2018-02-26,-0.3824583757388669,1122273.0
2018-02-27,-0.3815433751854438,1157029.0
2018-02-28,-0.3798829013480967,1158702.0
2018-03-01,-0.3626877510914748,1144673.0
2018-03-02,-0.3789580368169767,1168110.0
2018-03-03,-0.3858840087233963,1200322.0
2018-03-04,-0.38707807762464597,1215849.0
2018-03-05,-0.3811561788275388,1250343.0
2018-03-06,-0.3833068622053124,1138974.0
2018-03-07,-0.3857317830427973,1077299.0
2018-03-08,-0.3857985201908051,1001969.0
2018-03-09,-0.3915949663735631,1004957.0
2018-03-10,-0.3893685869444484,939570.0
2018-03-11,-0.3857894150457941,999091.0
2018-03-12,-0.3877881541540495,968433.0
2018-03-13,-0.38957466463635976,959743.0
2018-03-14,-0.3873927978115312,863582.0
2018-03-15,-0.3809130013966562,867597.0
2018-03-16,-0.3792565871956999,865052.0
2018-03-17,-0.3841059923918788,815943.0
2018-03-18,-0.3842715403674575,829125.0
2018-03-19,-0.3807031117056793,906822.0
2018-03-20,-0.3796149828988729,955532.0
2018-03-21,-0.3740143911601472,932736.0
2018-03-22,-0.3769303552818274,925397.0
2018-03-23,-0.3741576380988716,921648.0
2018-03-24,-0.3594093595147915,894311.0
2018-03-25,-0.0007808829075273912,893913.0
2018-03-26,-0.27330212469750503,849605.0
2018-03-27,-0.3783105086812328,834122.0
2018-03-28,-0.3670301360551015,846406.0
2018-03-29,-0.3776549201545191,772452.0
2018-03-30,-0.3820416995801832,731063.0
2018-03-31,-0.3737085856931579,735125.0
2018-04-01,-0.3779806352702797,727188.0
2018-04-02,-0.3742438401873411,734386.0
2018-04-03,-0.37466335605312895,786729.0
2018-04-04,-0.3747879610849016,720775.0
2018-04-05,-0.3771081064304117,737194.0
2018-04-06,-0.37515960195128495,714549.0
2018-04-07,-0.3725868939645401,742995.0
2018-04-08,-0.3794155767529687,746553.0
2018-04-09,-0.3691150179479841,727612.0
2018-04-10,-0.3757167478162645,741308.0
2018-04-11,-0.3761785699817416,741374.0
2018-04-12,-0.3716019914537973,847057.0
2018-04-13,-0.3674423224941416,839460.0
2018-04-14,-0.3741815318454356,861550.0
2018-04-15,-0.3670320998474814,886829.0
2018-04-16,-0.3734365107427066,857572.0
2018-04-17,-0.3649667780607076,841899.0
2018-04-18,-0.3703263589495533,868471.0
2018-04-19,-0.3713186503678193,892363.0
2018-04-20,-0.3658013508663184,963122.0
2018-04-21,-0.3607469825237413,943722.0
2018-04-22,-0.3691783704239382,953691.0
2018-04-23,-0.37080798408539184,980147.0
2018-04-24,-0.35837589807370523,1013857.0
2018-04-25,-0.3621300964141993,976946.0
2018-04-26,-0.3715986140637539,1022849.0
2018-04-27,-0.20314470572633203,996152.0
2018-04-28,-0.03469079738891017,1021170.0
2018-04-29,-0.03584399738104825,1033615.0
2018-04-30,-0.03707860856592297,1015504.0
2018-05-01,-0.2921554712153214,1013493.0
2018-05-02,-0.3834611687770175,1015918.0
2018-05-03,-0.3843769983751913,1070560.0
2018-05-04,-0.3812729749934679,1050635.0
2018-05-05,-0.3828893253823661,1056467.0
2018-05-06,-0.3815943413944792,1057802.0
2018-05-07,-0.3886316100511672,1023860.0
2018-05-08,-0.383551789063372,1010974.0
2018-05-09,-0.3770655519829689,1007039.0
2018-05-10,-0.3759757751778151,993113.0
2018-05-11,-0.3825235124597916,973212.0
2018-05-12,-0.3777992213755045,954681.0
2018-05-13,-0.36273345118024375,977325.0
2018-05-14,-0.3695129164395408,976336.0
2018-05-15,-0.3787836433994661,940384.0
2018-05-16,-0.3870653375283175,921471.0
2018-05-17,-0.3835157428306266,895177.0
2018-05-18,-0.3876859136212692,917200.0
2018-05-19,-0.3880265398132927,904128.0
2018-05-20,-0.386925348895468,945392.0
2018-05-21,-0.3846013467047346,935786.0
2018-05-22,-0.3775096136410592,892590.0
2018-05-23,-0.3899092021141328,842477.0
2018-05-24,-0.3862274443943873,834113.0
2018-05-25,-0.37726358599942783,816057.0
2018-05-26,-0.3702231488455313,808678.0
2018-05-27,-0.375402771194481,806530.0
2018-05-28,-0.3758544207493353,789279.0
2018-05-29,-0.3699037509267985,828699.0
2018-05-30,-0.3657827713219559,818946.0
2018-05-31,-0.3660156690220092,824313.0
2018-06-01,-0.3808231480825411,833961.0
